,Modellår,Miltal,"Bränsle (Hybrid = 0,  Bensin=1, Diesel=2)","Växellåda (Automat=0, Munual= 1",- Hästkrafter ,pris,länk till annons
1,2020,13300,2,0,191,267500,https://www.blocket.se/annons/1001250362
2,2020,7867,2,0,150,279900,https://www.blocket.se/annons/goteborg/volvo_v60_d3_150hk_inscription_b_kamera_varmare_skinn_drag_m/1001170032
3,2020,7960,0,0,392,378900,https://www.blocket.se/annons/1000252730
5,2020,7150,2,0,191,259800,https://www.blocket.se/annons/1001261510
6,2020,7972,2,0,151,269900,https://www.blocket.se/annons/1001261363
7,2020,5622,2,0,192,305000,https://www.blocket.se/annons/1001079134
8,2020,7050,2,0,150,335000,https://www.blocket.se/annons/1400625909
9,2020,7659,2,0,191,337900,https://www.blocket.se/annons/1000925890
10,2020,7635,2,0,192,335900,https://www.blocket.se/annons/1001161774
11,2020,13016,2,0,150,224900,https://www.blocket.se/annons/1001016602
12,2020,7200,2,1,150,225000,https://www.blocket.se/annons/1400654170
13,2020,13390,2,0,191,244500,https://www.blocket.se/annons/1000394022
14,2020,7257,2,0,150,285000,https://www.blocket.se/annons/1400671413
15,2020,6750,1,0,251,335000,https://www.blocket.se/annons/1001220105
16,2020,4990,2,0,191,299900,https://www.blocket.se/annons/1000867691
17,2020,5675,2,0,150,308900,https://www.blocket.se/annons/1000978992
18,2020,7161,0,0,392,388900,https://www.blocket.se/annons/1001204989
19,2020,6334,2,0,150,257000,https://www.blocket.se/annons/1400670524
20,2020,5873,2,0,191,294700,https://www.blocket.se/annons/1000531134
21,2020,15306,1,0,191,259800,https://www.blocket.se/annons/1000882099
22,2020,7540,2,0,191,399800,https://www.blocket.se/annons/1001128490
23,2020,21246,2,0,191,209900,https://www.blocket.se/annons/1001258947
24,2020,13173,0,0,391,279900,https://www.blocket.se/annons/1001258904
25,2020,11650,2,0,191,275000,https://www.blocket.se/annons/1400667923
26,2020,20480,2,0,150,189900,https://www.blocket.se/annons/1001258460
27,2020,9355,0,0,344,289900,https://www.blocket.se/annons/1001201938
28,2020,8898,2,0,191,269900,https://www.blocket.se/annons/1001211675
29,2020,7493,2,0,192,319900,https://www.blocket.se/annons/1001048535
30,2020,12477,2,0,191,249800,https://www.blocket.se/annons/1001167975
31,2020,6151,2,0,191,348900,https://www.blocket.se/annons/1001064143
32,2020,13881,2,0,191,268700,https://www.blocket.se/annons/1001214089
33,2020,7581,2,0,151,284900,https://www.blocket.se/annons/1000828536
34,2020,7573,2,0,192,279900,https://www.blocket.se/annons/1000805103
35,2020,2522,0,0,340,358900,https://www.blocket.se/annons/1001231544
36,2020,9211,2,0,151,259900,https://www.blocket.se/annons/1001257312
37,2020,12698,1,0,191,299900,https://www.blocket.se/annons/1001131343
38,2020,9520,2,0,191,246000,https://www.blocket.se/annons/1001066873
39,2020,11600,0,0,392,309800,https://www.blocket.se/annons/1000949113
40,2020,8381,2,0,150,254900,https://www.blocket.se/annons/1001256725
41,2020,13898,2,0,191,329900,https://www.blocket.se/annons/1000885826
42,2020,6500,2,0,150,254900,https://www.blocket.se/annons/1001256672
43,2020,4524,1,0,253,349000,https://www.blocket.se/annons/1001256006
44,2020,5429,0,0,253,369900,https://www.blocket.se/annons/1001069872
45,2020,14605,2,0,192,229900,https://www.blocket.se/annons/1001255694
46,2020,9689,2,0,191,289900,https://www.blocket.se/annons/1001255670
47,2020,13465,2,0,192,244000,https://www.blocket.se/annons/1001180333
48,2020,14083,0,0,392,299500,https://www.blocket.se/annons/1001164690
49,2020,11200,2,0,191,249999,https://www.blocket.se/annons/1000856959
50,2020,14326,1,0,191,259900,https://www.blocket.se/annons/1000456108