,Modellår,Miltal,"Bränsle (Hybrid = 0,  Bensin=1, Diesel=2)","Växellåda (Automat=0, Munual= 1",Hästkrafter ,pris,länk till annons
,2019,19 900,2,0,191,223 900,https://www.blocket.se/annons/1001250655
,2019,15 467,2,0,191,247 800,
,2019,7 510,1,0,310,340 000,https://www.blocket.se/annons/1400605154
,2019,17 388,1,0,310,249 000,https://www.blocket.se/annons/1001062280
,2019,7 431,2,0,151,244 800,https://www.blocket.se/annons/1001250271
,2019,10 419,1,0,253,279 000,https://www.blocket.se/annons/1001249806
,2019,8 600,2,0,150,275 000,https://www.blocket.se/annons/1400410407
,2019,22 500,2,0,192,219 500,https://www.blocket.se/annons/1001249397
,2019,10 017,2,0,191,314 900,https://www.blocket.se/annons/1001248703
,2019,22 335,2,0,192,229 900,https://www.blocket.se/annons/1001248464
,2019,8 783,2,0,151,239 000,https://www.blocket.se/annons/1001211314
,2019,11 601,0,0,391,324 900,https://www.blocket.se/annons/1001057366
,2019,11 883,2,0,191,254 800,https://www.blocket.se/annons/1001207036
,2019,13 937,1,0,191,257 900,https://www.blocket.se/annons/1000931560
,2019,17 627,1,0,315,269 800,https://blocket.se/annons/1000515735
,2019,19 629,2,0,151,194 800,https://www.blocket.se/annons/1001168386
,2019,9 800,1,0,310,320 000,https://www.blocket.se/annons/1400411076
,2019,7 500,2,0,150,230 000,https://www.blocket.se/annons/1400657792
,2019,10 683,2,0,191,268 900,https://www.blocket.se/annons/1001246683
,2019,7 020,2,1,191,269 500,https://www.blocket.se/annons/1001246663
,2019,15 637,0,0,392,314 900,https://www.blocket.se/annons/1001246423
,2019,48 582,2,0,150,129 900,https://www.blocket.se/annons/1001187173
,2019,10 770,1,0,310,277 000,https://www.blocket.se/annons/1000858191
,2019,9 935,0,0,392,370 000,https://www.blocket.se/annons/1400656511
,2019,11 927,2,1,150,199 900,https://www.blocket.se/annons/1001244655
,2019,13 494,2,0,150,224 000,https://www.blocket.se/annons/1001243611
,2019,6 335,1,0,251,339 700,https://www.blocket.se/annons/1001128468
,2019,9 584,2,0,191,248 900,https://www.blocket.se/annons/1001190053
,2019,15 628,2,0,191,259 500,https://www.blocket.se/annons/1400654185
,2019,6 172,1,0,251,338 900,https://www.blocket.se/annons/1001150351
,2019,9 700,2,0,200,319 800,https://www.blocket.se/annons/1001150758
,2019,7 435,2,0,191,288 900,https://www.blocket.se/annons/1001056871
,2019,6 760,2,0,150,259 000,https://www.blocket.se/annons/1001241392
,2019,17 941,2,0,191,228 700,https://www.blocket.se/annons/1001103033
,2019,13 727,2,0,150,223 800,https://www.blocket.se/annons/1001178499
,2019,12 531,2,0,191,299 700,https://www.blocket.se/annons/1001240287
,2019,19 575,2,0,191,299 000,https://www.blocket.se/annons/1001185669
,2019,14 000,2,0,191,229 900,https://www.blocket.se/annons/1001182858
,2019,8 100,1,0,251,299 000,https://www.blocket.se/annons/1001114844
,2019,15 800,1,0,310,299 900,https://www.blocket.se/annons/1000581704
,2019,20 214,2,0,150,189 900,https://www.blocket.se/annons/1001197246
,2019,9 324,2,0,191,298 900,https://www.blocket.se/annons/1001183463
,2019,14 202,2,0,150,218 900,https://www.blocket.se/annons/1001220013
,2019,10 261,2,0,191,299 800,https://www.blocket.se/annons/1000728245
,2019,12 854,0,0,392,319 800,https://www.blocket.se/annons/1000459105
,2019,6 600,1,0,251,289 000,https://www.blocket.se/annons/1001236291
,2019,17 386,1,0,251,229 900,https://www.blocket.se/annons/1001235952
,2019,9 892,2,0,200,299 990,https://www.blocket.se/annons/1001235876
,2019,11 400,2,0,191,224 500,https://www.blocket.se/annons/1001235258
,2019,11 950,2,0,150,224 500,https://www.blocket.se/annons/1001234502