,Modellår,Miltal,"Bränsle (Hybrid = 0,  Bensin=1, Diesel=2)","Växellåda (Automat=0, Munual= 1",- Hästkrafter ,pris,länk till annons
,2022,5771,2,0,200,374000,https://www.blocket.se/annons/1001249398
,2022,3600,2,0,198,389000,https://www.blocket.se/annons/1001104692
,2022,7739,0,0,344,419900,https://www.blocket.se/annons/1001120276
,2022,8198,2,0,200,359000,https://www.blocket.se/annons/1001247656
,2022,6814,2,0,200,349900,https://www.blocket.se/annons/1001191171
,2022,9624,2,0,198,329900,https://www.blocket.se/annons/1001121521
,2022,6789,2,0,198,344900,https://www.blocket.se/annons/1001096211
,2022,4244,1,0,198,338800,https://www.blocket.se/annons/1001245978
,2022,9850,2,0,198,334000,https://www.blocket.se/annons/1001245371
,2022,5906,2,0,200,349000,https://www.blocket.se/annons/1001245320
,2022,6439,2,0,200,354900,https://www.blocket.se/annons/1001244034
,2022,4645,2,0,200,369000,https://www.blocket.se/annons/1001244031
,2022,4354,1,0,200,314900,https://www.blocket.se/annons/1001242834
,2022,4962,0,0,396,479900,https://www.blocket.se/annons/1000966937
,2022,2257,1,0,165,309900,https://www.blocket.se/annons/1001077979
,2022,4099,0,0,344,429900,https://www.blocket.se/annons/1001242045
,2022,5769,2,0,198,289900,https://www.blocket.se/annons/1001080345
,2022,6153,2,0,200,334800,https://www.blocket.se/annons/1001240907
,2022,7087,2,0,200,349000,https://www.blocket.se/annons/1001240882
,2022,16000,2,0,198,239900,https://www.blocket.se/annons/1001239028
,2022,3800,2,0,200,389900,https://www.blocket.se/annons/1001237489
,2022,7184,0,0,463,599000,https://www.blocket.se/annons/1001237332
,2022,5560,2,0,198,288900,https://www.blocket.se/annons/1001241998
,2022,4317,0,0,340,369500,https://www.blocket.se/annons/1001233098
,2022,5700,0,0,253,359900,https://www.blocket.se/annons/1001233047
,2022,6402,0,0,456,524700,https://www.blocket.se/annons/1001140146
,2022,12813,2,0,198,294800,https://www.blocket.se/annons/1001031094
,2022,3429,2,0,198,408900,https://www.blocket.se/annons/1000569995
,2022,14076,2,0,198,289800,https://www.blocket.se/annons/1001109337
,2022,2558,0,0,340,388900,https://www.blocket.se/annons/1001230103
,2022,4987,0,0,342,386900,https://www.blocket.se/annons/1000952780
,2022,8163,0,0,340,399800,https://www.blocket.se/annons/1001098974
,2022,7676,2,0,200,355900,https://www.blocket.se/annons/1001229017
,2022,6274,0,0,391,429800,https://www.blocket.se/annons/1001174579
,2022,6408,0,0,396,459000,https://www.blocket.se/annons/1001080583
,2022,8503,0,0,404,389900,https://www.blocket.se/annons/1000961409
,2022,8317,1,0,200,299900,https://www.blocket.se/annons/1000894897
,2022,4500,0,0,344,399000,https://www.blocket.se/annons/1000829216
,2022,7646,2,0,198,349000,https://www.blocket.se/annons/1000683219
,2022,4618,1,0,200,309900,https://www.blocket.se/annons/1000722061
,2022,5128,2,0,200,374900,https://www.blocket.se/annons/1001224439
,2022,13445,2,0,198,289900,https://www.blocket.se/annons/1400634895
,2022,4188,0,0,456,599800,https://www.blocket.se/annons/1001135925
,2022,6341,0,0,344,394000,https://www.blocket.se/annons/1001133689
,2022,8537,2,0,200,349000,https://www.blocket.se/annons/1001133688
,2022,8120,2,0,198,299900,https://www.blocket.se/annons/1001159795
,2022,8251,2,0,198,337900,https://www.blocket.se/annons/1001159794
,2022,5283,2,0,200,309900,https://www.blocket.se/annons/1001221604
,2022,10236,0,0,304,369800,https://www.blocket.se/annons/1001012922
,2022,6342,0,0,463,539900,https://www.blocket.se/annons/1001145995
,2022,11287,2,0,198,293900,https://www.blocket.se/annons/1000979774
,2022,6420,1,0,200,299000,https://www.blocket.se/annons/1001216862
,2022,6751,0,0,340,344900,https://www.blocket.se/annons/1001158411
,2022,6886,2,0,200,354800,https://www.blocket.se/annons/1001216326
,2022,3400,0,0,396,459900,https://www.blocket.se/annons/1001213762
,2022,7765,1,0,200,289000,https://www.blocket.se/annons/1001031191
,2022,3947,2,0,200,399500,https://www.blocket.se/annons/1000917031
,2022,4961,2,0,200,399500,https://www.blocket.se/annons/1000894916
,2022,1210,2,0,198,399000,https://www.blocket.se/annons/1001184941
,2022,4514,2,0,200,309900,https://www.blocket.se/annons/1001209899